{
  "iterations": [
    0,
    1,
    2,
    3,
    4,
    5,
    6,
    7,
    8,
    9,
    10,
    11,
    12,
    13,
    14,
    15,
    16,
    17,
    18,
    19,
    20
  ],
  "mean_rewards": {
    "archer_0": [
      2.2,
      2.0,
      2.0952380952380953,
      2.18,
      2.4,
      2.6475,
      2.72,
      2.67,
      2.6775,
      2.76,
      3.03,
      3.41,
      3.51,
      3.72,
      3.85,
      3.95,
      4.1,
      4.31,
      4.74,
      5.22,
      5.38
    ]
  },
  "best_rewards": {
    "archer_0": [
      2.2,
      2.2,
      2.2,
      2.2,
      2.4,
      2.6475,
      2.72,
      2.72,
      2.72,
      2.76,
      3.03,
      3.41,
      3.51,
      3.72,
      3.85,
      3.95,
      4.1,
      4.31,
      4.74,
      5.22,
      5.38
    ]
  },
  "training_time": [
    9.932612895965576,
    11.789552927017212,
    13.340551853179932,
    14.812012910842896,
    16.432480096817017,
    17.89805793762207,
    19.377261877059937,
    20.835835933685303,
    22.286983013153076,
    23.68985080718994,
    25.255284070968628,
    26.79791808128357,
    28.657773733139038,
    30.365996837615967,
    31.981228828430176,
    33.57090377807617,
    35.19878101348877,
    36.73515486717224,
    38.37937378883362,
    39.99724888801575,
    41.61911392211914
  ]
}