{
  "iterations": [
    0,
    1,
    2,
    3,
    4,
    5,
    6,
    7,
    8,
    9,
    10,
    11,
    12,
    13,
    14,
    15,
    16,
    17,
    18,
    19,
    20,
    21,
    22,
    23,
    24,
    25,
    26,
    27,
    28,
    29,
    30,
    31,
    32,
    33,
    34,
    35,
    36,
    37,
    38,
    39,
    40,
    41,
    42,
    43,
    44,
    45,
    46,
    47,
    48,
    49,
    50,
    51,
    52,
    53,
    54,
    55,
    56,
    57,
    58,
    59,
    60,
    61,
    62,
    63,
    64,
    65,
    66,
    67,
    68,
    69,
    70,
    71,
    72,
    73,
    74,
    75,
    76,
    77,
    78,
    79,
    80,
    81,
    82,
    83,
    84,
    85,
    86,
    87,
    88,
    89,
    90,
    91,
    92,
    93,
    94,
    95,
    96,
    97,
    98,
    99,
    100,
    101,
    102,
    103,
    104,
    105,
    106,
    107,
    108,
    109,
    110,
    111,
    112,
    113,
    114,
    115,
    116,
    117,
    118,
    119,
    120,
    121,
    122,
    123,
    124,
    125,
    126,
    127,
    128,
    129,
    130,
    131,
    132,
    133,
    134,
    135,
    136,
    137,
    138,
    139,
    140,
    141,
    142,
    143,
    144,
    145,
    146,
    147,
    148,
    149,
    150,
    151,
    152,
    153,
    154,
    155,
    156,
    157,
    158,
    159,
    160,
    161,
    162,
    163,
    164,
    165,
    166,
    167,
    168,
    169,
    170,
    171,
    172,
    173,
    174,
    175,
    176,
    177,
    178,
    179,
    180,
    181,
    182,
    183,
    184,
    185,
    186,
    187,
    188,
    189,
    190,
    191,
    192,
    193,
    194,
    195,
    196,
    197,
    198,
    199,
    200,
    201,
    202,
    203,
    204,
    205,
    206,
    207,
    208,
    209,
    210,
    211,
    212,
    213,
    214,
    215,
    216,
    217,
    218,
    219,
    220,
    221,
    222,
    223,
    224,
    225,
    226,
    227,
    228,
    229,
    230,
    231,
    232,
    233,
    234,
    235,
    236,
    237,
    238,
    239,
    240,
    241,
    242,
    243,
    244,
    245,
    246,
    247,
    248,
    249
  ],
  "mean_rewards": {
    "archer_0": [
      2.7,
      2.7096774193548385,
      2.609375,
      2.505,
      2.425,
      2.34,
      2.29,
      2.42,
      2.61,
      2.58,
      2.65,
      2.77,
      2.82,
      3.01,
      3.16,
      3.27,
      3.3,
      3.33,
      3.41,
      3.71,
      3.9,
      4.15,
      4.36,
      4.63,
      4.66,
      4.89,
      5.07,
      5.24,
      5.49,
      5.55,
      5.62,
      5.86,
      6.08,
      6.06,
      6.43,
      6.44,
      6.68,
      7.03,
      7.23,
      7.57,
      7.6,
      7.83,
      7.87,
      8.34,
      8.27,
      8.25,
      8.0,
      8.33,
      8.68,
      8.32,
      8.22,
      8.07,
      8.3,
      8.82,
      9.06,
      9.06,
      9.5,
      9.31,
      8.99,
      9.41,
      9.58,
      9.61,
      9.73,
      9.7,
      9.96,
      9.28,
      8.88,
      8.94,
      8.73,
      8.71,
      8.74,
      8.77,
      8.99,
      9.27,
      9.37,
      9.6,
      9.7,
      9.89,
      9.65,
      10.3,
      10.3,
      10.57,
      11.18,
      11.01,
      10.94,
      10.6,
      10.34,
      10.07,
      10.18,
      10.78,
      11.03,
      11.52,
      11.71,
      11.32,
      11.31,
      10.73,
      11.0,
      11.5,
      11.99,
      12.56,
      12.76,
      12.88,
      14.36,
      14.49,
      14.91,
      15.51,
      16.04,
      16.04,
      17.04,
      17.74,
      17.66,
      19.05,
      19.54,
      19.58,
      20.24,
      21.59,
      21.43,
      22.9,
      22.42,
      24.02,
      23.85,
      24.12,
      24.35,
      24.56,
      25.06,
      24.72,
      24.93,
      25.72,
      26.82,
      26.87,
      26.78,
      26.88,
      26.45,
      26.69,
      27.61,
      27.79,
      28.16,
      28.0,
      28.33,
      27.93,
      28.27,
      29.69,
      29.39,
      29.25,
      27.2,
      26.33,
      26.92,
      27.03,
      26.74,
      29.0,
      29.35,
      29.89,
      30.29,
      30.68,
      30.54,
      31.48,
      31.56,
      31.92,
      31.78,
      32.4,
      32.4,
      31.1,
      31.66,
      31.7,
      31.53,
      31.52,
      31.96,
      32.14,
      32.5,
      32.95,
      32.67,
      31.68,
      31.71,
      33.13,
      29.98,
      29.17,
      29.45,
      29.45,
      30.28,
      30.84,
      30.84,
      32.1,
      32.89,
      31.91,
      33.1,
      33.48,
      34.1,
      33.15,
      34.22,
      34.8,
      36.43,
      36.34,
      35.55,
      35.83,
      35.76,
      36.33,
      36.48,
      35.83,
      36.09,
      36.48,
      36.75,
      36.74,
      37.81,
      37.95,
      37.24,
      38.95,
      38.95,
      38.96,
      40.09,
      40.5,
      41.13,
      40.76,
      41.03,
      41.96,
      41.96,
      42.84,
      42.84,
      44.91,
      44.91,
      45.71,
      46.82,
      47.23,
      47.96,
      47.47,
      47.47,
      48.53,
      49.73,
      49.95,
      50.25,
      50.25,
      50.25,
      50.34,
      51.75,
      51.75,
      53.39,
      53.39,
      54.56,
      55.15,
      56.33,
      56.33,
      56.98,
      57.25,
      57.6,
      56.57,
      57.83,
      57.83,
      58.3,
      58.5,
      58.75,
      59.99
    ]
  },