{
  "iterations": [
    0,
    1,
    2,
    3,
    4,
    5,
    6,
    7,
    8,
    9,
    10,
    11,
    12,
    13,
    14,
    15,
    16,
    17,
    18,
    19,
    20,
    21,
    22,
    23,
    24,
    25,
    26,
    27,
    28,
    29,
    30,
    31,
    32,
    33,
    34,
    35,
    36,
    37,
    38,
    39,
    40,
    41,
    42,
    43,
    44,
    45,
    46,
    47,
    48,
    49,
    50,
    51,
    52,
    53,
    54,
    55,
    56,
    57,
    58,
    59,
    60,
    61,
    62,
    63,
    64,
    65,
    66,
    67,
    68,
    69,
    70,
    71,
    72,
    73,
    74,
    75,
    76,
    77,
    78,
    79,
    80,
    81,
    82,
    83,
    84,
    85,
    86,
    87,
    88,
    89,
    90,
    91,
    92,
    93,
    94,
    95,
    96,
    97,
    98,
    99,
    100,
    101,
    102,
    103,
    104,
    105,
    106,
    107,
    108,
    109,
    110,
    111,
    112,
    113,
    114,
    115,
    116,
    117,
    118,
    119,
    120,
    121,
    122,
    123,
    124,
    125,
    126,
    127,
    128,
    129,
    130,
    131,
    132,
    133,
    134,
    135,
    136,
    137,
    138,
    139,
    140,
    141,
    142,
    143,
    144,
    145,
    146,
    147,
    148,
    149,
    150,
    151,
    152,
    153,
    154,
    155,
    156,
    157,
    158,
    159,
    160,
    161,
    162,
    163,
    164
  ],
  "mean_rewards": {
    "archer_0": [
      1.5714285714285714,
      2.1666666666666665,
      2.269230769230769,
      2.247191011235955,
      2.29,
      2.31,
      2.335,
      2.445,
      2.44,
      2.435,
      2.425,
      2.39,
      2.47,
      2.4,
      2.41,
      2.41,
      2.62,
      2.7,
      2.86,
      2.81,
      2.99,
      3.06,
      3.25,
      3.35,
      3.62,
      3.77,
      3.95,
      4.11,
      4.24,
      4.53,
      4.96,
      5.19,
      5.11,
      5.11,
      5.26,
      5.62,
      5.74,
      5.91,
      5.86,
      5.9,
      6.42,
      6.54,
      6.6,
      6.66,
      6.57,
      6.23,
      5.96,
      5.89,
      5.91,
      6.2,
      6.42,
      6.4,
      6.24,
      6.31,
      6.09,
      5.87,
      5.94,
      5.59,
      5.52,
      5.64,
      5.56,
      5.62,
      5.72,
      6.37,
      6.45,
      6.17,
      6.18,
      6.09,
      6.06,
      6.22,
      6.32,
      6.26,
      6.75,
      7.0,
      7.07,
      7.12,
      7.27,
      7.33,
      7.85,
      7.65,
      7.87,
      8.36,
      8.52,
      8.3,
      8.57,
      8.51,
      8.6,
      8.71,
      9.14,
      9.71,
      9.65,
      9.9,
      10.63,
      10.8,
      11.21,
      11.27,
      11.4,
      12.38,
      12.42,
      12.55,
      13.19,
      12.98,
      13.4,
      13.68,
      13.56,
      13.31,
      13.17,
      13.67,
      14.11,
      14.13,
      14.26,
      13.65,
      13.95,
      14.39,
      14.15,
      14.02,
      13.34,
      13.71,
      13.07,
      12.64,
      11.63,
      12.25,
      12.11,
      12.05,
      12.49,
      12.52,
      12.87,
      13.14,
      12.96,
      13.8,
      13.79,
      13.93,
      14.17,
      14.15,
      14.58,
      14.97,
      14.98,
      15.17,
      15.55,
      16.1,
      15.71,
      15.74,
      16.06,
      15.75,
      16.06,
      16.48,
      17.36,
      17.9,
      18.0,
      18.26,
      18.18,
      18.15,
      18.3,
      18.02,
      18.15,
      17.94,
      18.19,
      18.39,
      18.44,
      19.24,
      19.61,
      19.37,
      19.01,
      19.46,
      18.92
    ],
    "archer_1": [
      2.5714285714285716,
      2.2083333333333335,
      2.0576923076923075,
      2.0112359550561796,
      1.865,
      2.04,
      2.25,
      2.44,
      2.45,
      2.45,
      2.39,
      2.42,
      2.52,
      2.61,
      2.68,
      2.51,
      2.5,
      2.61,
      2.58,
      2.58,
      2.6,
      2.75,
      2.95,
      2.95,
      3.06,
      3.2,
      3.3,
      3.47,
      3.5,
      3.58,
      3.75,
      3.89,
      3.84,
      3.8,
      3.85,
      3.89,
      3.86,
      4.05,
      4.12,
      4.17,
      4.49,
      4.75,
      4.69,
      4.8,
      4.71,
      4.98,
      4.93,
      4.97,
      4.98,
      5.24,
      5.47,
      5.57,
      5.37,
      5.45,
      5.08,
      4.86,
      5.11,
      4.74,
      4.8,
      5.13,
      4.98,
      5.04,
      5.09,
      5.44,
      5.49,
      5.15,
      5.1,
      5.06,
      5.18,
      5.46,
      5.43,
      5.31,
      5.51,
      5.75,
      5.77,
      5.74,
      5.81,
      5.99,
      6.53,
      6.33,
      6.46,
      6.97,
      7.15,
      7.03,
      7.37,
      7.44,
      7.5,
      7.65,
      7.94,
      8.49,
      8.49,
      8.72,
      9.22,
      9.41,
      9.65,
      9.57,
      9.6,
      10.39,
      10.44,
      10.54,
      10.77,
      10.7,
      11.0,
      11.22,
      11.11,
      10.96,
      10.72,
      10.78,
      10.79,
      10.68,
      10.77,
      10.16,
      10.08,
      10.4,
      9.98,
      9.88,
      9.4,
      9.46,
      9.02,
      8.63,
      7.64,
      7.98,
      7.76,
      7.85,
      8.1,
      8.09,
      8.18,
      8.03,
      7.91,
      8.18,
      8.19,
      8.25,
      8.18,
      8.07,
      8.21,
      8.45,
      8.46,
      8.63,
      8.73,
      8.9,
      8.62,
      8.65,
      8.91,
      8.64,
      8.92,
      9.13,
      9.53,
      9.76,
      9.73,
      9.81,
      9.97,
      9.88,
      9.98,
      9.8,
      9.92,
      9.87,
      9.96,
      10.01,
      10.03,
      10.26,
      10.38,
      10.34,
      10.15,
      10.41,
      10.28
    ]
  },
  "best_rewards": {
    "archer_0": [
      1.5714285714285714,
      2.1666666666666665,
      2.269230769230769,
      2.269230769230769,
      2.29,
      2.31,
      2.335,
      2.445,
      2.445,
      2.445,
      2.445,
      2.445,
      2.47,
      2.47,
      2.47,
      2.47,
      2.62,
      2.7,
      2.86,
      2.86,
      2.99,
      3.06,
      3.25,
      3.35,
      3.62,
      3.77,
      3.95,
      4.11,
      4.24,
      4.53,
      4.96,
      5.19,
      5.19,
      5.19,
      5.26,
      5.62,
      5.74,
      5.91,
      5.91,
      5.91,
      6.42,
      6.54,
      6.6,
      6.66,
      6.66,
      6.66,
      6.66,
      6.66,
      6.66,
      6.66,
      6.66,
      6.66,
      6.66,
      6.66,
      6.66,
      6.66,
      6.66,
      6.66,
      6.66,
      6.66,
      6.66,
      6.66,
      6.66,
      6.66,
      6.66,
      6.66,
      6.66,
      6.66,
      6.66,
      6.66,
      6.66,
      6.66,
      6.75,
      7.0,
      7.07,
      7.12,
      7.27,
      7.33,
      7.85,
      7.85,
      7.87,
      8.36,
      8.52,
      8.52,
      8.57,
      8.57,
      8.6,
      8.71,
      9.14,
      9.71,
      9.71,
      9.9,
      10.63,
      10.8,
      11.21,
      11.27,
      11.4,
      12.38,
      12.42,
      12.55,
      13.19,
      13.19,
      13.4,
      13.68,
      13.68,
      13.68,
      13.68,
      13.68,
      14.11,
      14.13,
      14.26,
      14.26,
      14.26,
      14.39,
      14.39,
      14.39,
      14.39,
      14.39,
      14.39,
      14.39,
      14.39,
      14.39,
      14.39,
      14.39,
      14.39,
      14.39,
      14.39,
      14.39,
      14.39,
      14.39,
      14.39,
      14.39,
      14.39,
      14.39,
      14.58,
      14.97,
      14.98,
      15.17,
      15.55,
      16.1,
      16.1,
      16.1,
      16.1,
      16.1,
      16.1,
      16.48,
      17.36,
      17.9,
      18.0,
      18.26,
      18.26,
      18.26,
      18.3,
      18.3,
      18.3,
      18.3,
      18.3,
      18.39,
      18.44,
      19.24,
      19.61,
      19.61,
      19.61,
      19.61,
      19.61
    ],