{
  "iterations": [
    0,
    1,
    2,
    3,
    4,
    5,
    6,
    7,
    8,
    9,
    10,
    11,
    12,
    13,
    14,
    15,
    16,
    17,
    18,
    19,
    20,
    21,
    22,
    23,
    24,
    25,
    26,
    27,
    28,
    29,
    30,
    31,
    32,
    33,
    34,
    35,
    36,
    37,
    38,
    39,
    40,
    41,
    42,
    43,
    44,
    45,
    46,
    47,
    48,
    49,
    50
  ],
  "mean_rewards": {
    "archer_0": [
      1.25,
      2.142857142857143,
      2.6,
      2.6923076923076925,
      2.6875,
      2.73,
      2.63,
      2.51,
      2.58,
      2.77,
      2.775,
      2.9,
      3.02,
      3.05,
      2.99,
      2.86,
      2.86,
      2.89,
      3.07,
      2.99,
      3.07,
      3.15,
      3.39,
      3.5,
      3.64,
      3.7,
      3.89,
      3.9,
      3.83,
      3.83,
      4.02,
      4.1,
      4.32,
      4.35,
      4.58,
      4.75,
      4.83,
      4.86,
      5.19,
      5.29,
      5.31,
      5.34,
      5.58,
      5.5,
      5.44,
      5.36,
      5.37,
      5.42,
      5.4,
      5.5,
      5.65
    ]
  },
  "best_rewards": {
    "archer_0": [
      1.25,
      2.142857142857143,
      2.6,
      2.6923076923076925,
      2.6923076923076925,
      2.73,
      2.73,
      2.73,
      2.73,
      2.77,
      2.775,
      2.9,
      3.02,
      3.05,
      3.05,
      3.05,
      3.05,
      3.05,
      3.07,
      3.07,
      3.07,
      3.15,
      3.39,
      3.5,
      3.64,
      3.7,
      3.89,
      3.9,
      3.9,
      3.9,
      4.02,
      4.1,
      4.32,
      4.35,
      4.58,
      4.75,
      4.83,
      4.86,
      5.19,
      5.29,
      5.31,
      5.34,
      5.58,
      5.58,
      5.58,
      5.58,
      5.58,
      5.58,
      5.58,
      5.58,
      5.65
    ]
  },
  "training_time": [
    26.90228819847107,
    29.37814736366272,
    31.076650857925415,
    32.79027724266052,
    34.50886535644531,
    36.100675106048584,
    37.82111740112305,
    39.4428436756134,
    41.068235874176025,
    42.69533705711365,
    44.55187463760376,
    46.50929856300354,
    48.292325019836426,
    50.04212689399719,
    51.79908275604248,
    53.442444801330566,
    55.07740879058838,
    56.72392010688782,
    58.37475562095642,
    60.14489197731018,
    61.79413676261902,
    63.60022974014282,
    65.33825635910034,
    67.23173475265503,
    69.05225467681885,
    70.80086421966553,
    72.57425117492676,
    74.32539510726929,
    76.12800884246826,
    77.77573108673096,
    79.46980810165405,
    81.39100813865662,
    83.15995192527771,
    84.93864274024963,
    86.7013795375824,
    88.47498536109924,
    90.25953102111816,
    92.06274652481079,
    93.81962585449219,
    95.60141968727112,
    97.391836643219,
    99.3049635887146,
    101.1111969947815,
    102.9159836769104,
    104.57995700836182,
    106.24092411994934,
    108.03973293304443,
    109.69906401634216,
    111.35866737365723,
    113.01927661895752,
    114.6726303100586
  ]
}