{
  "iterations": [
    0,
    1
  ],
  "mean_rewards": {
    "archer_0": [
      1.7272727272727273,
      2.6129032258064515
    ]
  },
  "best_rewards": {
    "archer_0": [
      1.7272727272727273,
      2.6129032258064515
    ]
  },
  "training_time": [
    9.962761402130127,
    12.358057260513306
  ]
}