{
  "iterations": [
    0,
    1,
    2,
    3,
    4,
    5,
    6,
    7,
    8,
    9,
    10,
    11,
    12,
    13,
    14,
    15
  ],
  "mean_rewards": {
    "archer_1": [
      3.125,
      2.4642857142857144,
      2.3448275862068964,
      2.268041237113402,
      2.165,
      2.12,
      2.175,
      2.31,
      2.425,
      2.4575,
      2.51,
      2.49,
      2.69,
      2.84,
      2.93,
      3.22
    ],
    "archer_0": [
      1.625,
      1.6785714285714286,
      1.6724137931034482,
      1.7628865979381443,
      1.89,
      2.23,
      2.465,
      2.48,
      2.36,
      2.255,
      2.31,
      2.56,
      2.64,
      2.73,
      2.82,
      2.85
    ]
  },
  "best_rewards": {
    "archer_1": [
      3.125,
      3.125,
      3.125,
      3.125,
      3.125,
      3.125,
      3.125,
      3.125,
      3.125,
      3.125,
      3.125,
      3.125,
      3.125,
      3.125,
      3.125,
      3.22
    ],
    "archer_0": [
      1.625,
      1.6785714285714286,
      1.6785714285714286,
      1.7628865979381443,
      1.89,
      2.23,
      2.465,
      2.48,
      2.48,
      2.48,
      2.48,
      2.56,
      2.64,
      2.73,
      2.82,
      2.85
    ]
  },
  "training_time": [
    10.776982069015503,
    15.042641162872314,
    19.26654314994812,
    23.42953610420227,
    27.680179119110107,
    31.815079927444458,
    36.048447132110596,
    40.33580017089844,
    45.038758993148804,
    49.432456970214844,
    53.66055917739868,
    58.190104246139526,
    62.912410259246826,
    67.06875801086426,
    71.24000310897827,
    75.66186308860779
  ]
}