{
  "iterations": [
    0,
    1,
    2,
    3,
    4,
    5,
    6,
    7,
    8,
    9,
    10,
    11,
    12,
    13,
    14,
    15,
    16,
    17,
    18,
    19,
    20,
    21,
    22,
    23,
    24,
    25,
    26,
    27,
    28
  ],
  "mean_rewards": {
    "archer_0": [
      1.6,
      1.2352941176470589,
      1.2857142857142858,
      1.3793103448275863,
      1.4482758620689655,
      1.57,
      1.69,
      1.83,
      1.9,
      2.14,
      2.32,
      2.44,
      2.61,
      2.74,
      2.63,
      2.51,
      2.505,
      2.61,
      2.77,
      2.99,
      3.03,
      3.18,
      3.38,
      3.37,
      3.56,
      3.75,
      3.86,
      3.94,
      3.93
    ]
  },
  "best_rewards": {
    "archer_0": [
      1.6,
      1.6,
      1.6,
      1.6,
      1.6,
      1.6,
      1.69,
      1.83,
      1.9,
      2.14,
      2.32,
      2.44,
      2.61,
      2.74,
      2.74,
      2.74,
      2.74,
      2.74,
      2.77,
      2.99,
      3.03,
      3.18,
      3.38,
      3.38,
      3.56,
      3.75,
      3.86,
      3.94,
      3.94
    ]
  },
  "training_time": [
    8.964977025985718,
    10.358350992202759,
    11.403599977493286,
    12.525113821029663,
    13.688193082809448,
    14.821011066436768,
    15.925800085067749,
    17.166251182556152,
    18.301410913467407,
    19.510786771774292,
    20.563488006591797,
    21.69809103012085,
    22.825690031051636,
    23.93445587158203,
    24.9514000415802,
    26.02316975593567,
    27.232805967330933,
    28.36928391456604,
    29.614852905273438,
    30.78502106666565,
    31.97060990333557,
    33.08734488487244,
    34.444714069366455,
    35.52226901054382,
    36.76972508430481,
    37.91311693191528,
    39.10896110534668,
    40.38826894760132,
    42.722419023513794
  ]
}