{
  "iterations": [
    0,
    1
  ],
  "mean_rewards": {
    "archer_0": [
      2.6,
      2.375
    ]
  },
  "best_rewards": {
    "archer_0": [
      2.6,
      2.6
    ]
  },
  "training_time": [
    10.433634996414185,
    12.906576156616211
  ]
}