{
  "iterations": [
    0,
    1,
    2,
    3,
    4,
    5,
    6,
    7,
    8,
    9,
    10,
    11,
    12,
    13,
    14,
    15,
    16,
    17,
    18,
    19,
    20,
    21,
    22,
    23,
    24,
    25,
    26,
    27,
    28,
    29,
    30,
    31,
    32,
    33,
    34,
    35,
    36,
    37,
    38,
    39,
    40,
    41,
    42,
    43,
    44,
    45,
    46,
    47,
    48
  ],
  "mean_rewards": {
    "archer_0": [
      1.7777777777777777,
      1.6774193548387097,
      1.7692307692307692,
      1.86,
      2.09,
      2.3,
      2.37,
      2.58,
      2.53,
      2.64,
      2.77,
      3.03,
      3.09,
      3.4,
      3.78,
      3.91,
      4.06,
      4.17,
      4.38,
      4.57,
      4.87,
      5.04,
      5.44,
      5.91,
      6.18,
      6.44,
      6.81,
      7.13,
      7.76,
      7.97,
      8.73,
      8.92,
      9.1,
      9.57,
      10.1,
      10.26,
      10.95,
      11.05,
      11.24,
      11.66,
      11.72,
      12.34,
      11.95,
      12.25,
      12.55,
      12.21,
      12.08,
      12.2,
      12.63
    ]
  },
  "best_rewards": {
    "archer_0": [
      1.7777777777777777,
      1.7777777777777777,
      1.7777777777777777,
      1.86,
      2.09,
      2.3,
      2.37,
      2.58,
      2.58,
      2.64,
      2.77,
      3.03,
      3.09,
      3.4,
      3.78,
      3.91,
      4.06,
      4.17,
      4.38,
      4.57,
      4.87,
      5.04,
      5.44,
      5.91,
      6.18,
      6.44,
      6.81,
      7.13,
      7.76,
      7.97,
      8.73,
      8.92,
      9.1,
      9.57,
      10.1,
      10.26,
      10.95,
      11.05,
      11.24,
      11.66,
      11.72,
      12.34,
      12.34,
      12.34,
      12.55,
      12.55,
      12.55,
      12.55,
      12.63
    ]
  },
  "training_time": [
    13.611840009689331,
    15.527261018753052,
    17.505048990249634,
    19.446368932724,
    21.15526795387268,
    22.927018880844116,
    24.95220685005188,
    27.266892910003662,
    29.05867290496826,
    30.972447156906128,
    33.21485090255737,
    35.181596994400024,
    37.34449291229248,
    39.56522297859192,
    42.0459668636322,
    44.19673299789429,
    46.227473974227905,
    48.439610958099365,
    50.38426184654236,
    52.313347816467285,
    54.19348096847534,
    56.000730991363525,
    58.04333996772766,
    59.972919940948486,
    61.762803077697754,
    63.636796951293945,
    65.46119594573975,
    67.38800811767578,
    69.38186001777649,
    71.64142489433289,
    73.73943996429443,
    75.81364583969116,
    77.74556875228882,
    79.66801595687866,
    81.59967088699341,
    83.72709679603577,
    85.63529992103577,
    87.69407916069031,
    89.71711301803589,
    91.72824096679688,
    93.53944301605225,
    95.39329481124878,
    97.41725087165833,
    99.2529947757721,
    101.5869128704071,
    103.34145593643188,
    104.98301887512207,
    106.9355878829956,
    108.97638583183289
  ]
}