{
  "iterations": [
    0,
    1,
    2,
    3,
    4
  ],
  "mean_rewards": {
    "archer_0": [
      1.75,
      1.8148148148148149,
      1.8070175438596492,
      1.8865979381443299,
      2.0
    ],
    "archer_1": [
      3.0,
      2.4814814814814814,
      2.3157894736842106,
      2.2371134020618557,
      2.13
    ]
  },
  "best_rewards": {
    "archer_0": [
      1.75,
      1.8148148148148149,
      1.8148148148148149,
      1.8865979381443299,
      2.0
    ],
    "archer_1": [
      3.0,
      3.0,
      3.0,
      3.0,
      3.0
    ]
  },
  "training_time": [
    13.13858675956726,
    19.63232183456421,
    26.099485874176025,
    32.65776777267456,
    38.861246824264526
  ]
}