{
  "iterations": [
    0,
    1,
    2,
    3,
    4,
    5,
    6,
    7,
    8,
    9,
    10,
    11,
    12,
    13,
    14,
    15,
    16,
    17,
    18,
    19,
    20,
    21,
    22,
    23,
    24,
    25,
    26,
    27,
    28,
    29,
    30,
    31,
    32,
    33,
    34,
    35,
    36,
    37,
    38,
    39,
    40,
    41,
    42,
    43,
    44,
    45,
    46,
    47,
    48,
    49,
    50,
    51,
    52,
    53,
    54,
    55,
    56,
    57,
    58,
    59,
    60,
    61,
    62,
    63,
    64,
    65,
    66,
    67,
    68,
    69,
    70,
    71,
    72,
    73,
    74,
    75,
    76,
    77,
    78,
    79,
    80,
    81,
    82,
    83,
    84,
    85,
    86,
    87,
    88,
    89,
    90,
    91,
    92,
    93,
    94,
    95,
    96,
    97,
    98,
    99,
    100,
    101,
    102,
    103,
    104,
    105,
    106,
    107,
    108,
    109,
    110,
    111,
    112,
    113,
    114,
    115,
    116,
    117,
    118,
    119,
    120,
    121,
    122,
    123,
    124,
    125,
    126,
    127,
    128,
    129,
    130,
    131,
    132,
    133,
    134,
    135,
    136,
    137,
    138,
    139,
    140,
    141,
    142,
    143,
    144,
    145,
    146,
    147,
    148,
    149,
    150,
    151,
    152,
    153,
    154,
    155,
    156,
    157,
    158,
    159,
    160,
    161,
    162,
    163,
    164,
    165,
    166,
    167,
    168,
    169,
    170,
    171,
    172,
    173,
    174,
    175,
    176,
    177,
    178,
    179,
    180,
    181,
    182,
    183,
    184,
    185,
    186,
    187,
    188,
    189,
    190,
    191,
    192,
    193,
    194,
    195,
    196,
    197,
    198,
    199,
    200,
    201,
    202,
    203,
    204,
    205,
    206,
    207,
    208,
    209,
    210,
    211,
    212,
    213,
    214,
    215,
    216,
    217,
    218,
    219,
    220,
    221,
    222,
    223,
    224,
    225,
    226,
    227,
    228
  ],
  "mean_rewards": {
    "archer_0": [
      2.0,
      1.8666666666666667,
      1.8360655737704918,
      1.85,
      1.7225,
      1.68,
      1.79,
      2.01,
      2.075,
      2.1525,
      2.09,
      2.43,
      2.45,
      2.51,
      2.68,
      2.72,
      2.79,
      2.87,
      3.12,
      3.31,
      3.47,
      3.32,
      3.3,
      3.33,
      3.44,
      3.46,
      3.61,
      3.9,
      3.95,
      3.96,
      3.84,
      3.83,
      3.83,
      4.15,
      4.39,
      4.51,
      4.65,
      4.82,
      4.96,
      4.96,
      5.29,
      5.22,
      5.31,
      5.59,
      5.61,
      5.74,
      6.02,
      6.34,
      6.42,
      6.43,
      6.61,
      6.57,
      6.64,
      6.86,
      6.78,
      6.96,
      7.38,
      7.34,
      7.23,
      7.19,
      7.44,
      7.1,
      7.01,
      6.94,
      6.96,
      6.95,
      7.14,
      6.89,
      7.01,
      7.2,
      7.44,
      7.34,
      7.38,
      7.59,
      7.45,
      7.46,
      7.51,
      7.59,
      7.84,
      7.92,
      8.31,
      8.49,
      8.76,
      9.02,
      9.17,
      9.36,
      9.51,
      9.65,
      9.84,
      9.82,
      9.51,
      9.7,
      9.65,
      9.64,
      9.43,
      9.65,
      9.66,
      9.61,
      9.63,
      9.6,
      9.44,
      9.23,
      9.13,
      9.46,
      9.41,
      9.38,
      9.47,
      9.34,
      9.21,
      9.45,
      9.47,
      9.55,
      9.84,
      9.89,
      9.83,
      9.95,
      10.34,
      10.53,
      10.5,
      10.83,
      10.95,
      10.84,
      11.17,
      11.35,
      11.13,
      11.7,
      11.72,
      11.69,
      11.89,
      12.02,
      12.83,
      12.83,
      13.36,
      13.45,
      13.84,
      13.81,
      14.0,
      14.75,
      14.94,
      15.0,
      15.02,
      15.2,
      15.42,
      16.23,
      16.23,
      16.79,
      16.86,
      17.13,
      16.85,
      16.94,
      16.76,
      16.6,
      16.28,
      16.4,
      16.32,
      16.44,
      16.81,
      17.48,
      17.53,
      17.38,
      17.58,
      17.39,
      17.52,
      17.52,
      17.6,
      17.68,
      18.01,
      17.87,
      17.8,
      18.75,
      18.75,
      18.51,
      18.37,
      18.96,
      19.06,
      19.06,
      19.34,
      19.4,
      19.91,
      19.65,
      19.65,
      19.62,
      19.89,
      20.0,
      19.75,
      19.91,
      20.34,
      20.77,
      20.78,
      21.04,
      21.04,
      21.66,
      22.24,
      22.86,
      22.71,
      22.96,
      23.6,
      23.4,
      23.8,
      24.24,
      24.43,
      24.14,
      24.33,
      24.27,
      24.47,
      24.52,
      24.63,
      25.05,
      25.39,
      26.15,
      26.09,
      26.09,
      26.32,
      26.73,
      26.4,
      26.35,
      26.09,
      26.41,
      26.71,
      26.73,
      26.66,
      26.77,
      25.13,
      23.82,
      23.04,
      22.79,
      22.06,
      22.34,
      22.35
    ],
    "archer_1": [
      1.0,
      1.1,
      1.3114754098360655,
      1.41,
      1.6375,
      1.8525,
      2.14,
      2.215,
      1.94,
      2.2325,
      2.3666666666666667,
      2.72,
      2.86,
      2.99,
      3.21,
      3.4,
      3.56,
      3.63,
      3.75,
      3.97,
      4.16,
      4.1,
      4.0,
      4.12,
      4.25,
      4.19,
      4.26,
      4.36,
      4.5,
      4.56,
      4.42,
      4.34,
      4.46,
      4.79,
      4.83,
      5.01,
      5.01,
      5.26,
      5.22,
      5.1,
      5.29,
      5.18,
      5.14,
      5.18,
      5.12,
      5.29,
      5.5,
      5.59,
      5.62,
      5.23,
      5.17,
      5.0,
      4.7,
      4.67,
      4.52,
      4.49,
      4.63,
      4.64,
      4.48,
      4.44,
      4.53,
      4.18,
      4.06,
      4.17,
      4.33,
      4.49,
      4.73,
      4.6,
      4.68,
      4.72,
      5.32,
      5.4,
      5.44,
      5.8,
      5.81,
      5.78,
      5.79,
      5.9,
      6.14,
      6.17,
      6.49,
      6.6,
      6.86,
      6.95,
      7.06,
      7.01,
      7.16,
      7.31,
      7.5,
      7.55,
      7.35,
      7.6,
      7.44,
      7.54,
      7.38,
      7.74,
      7.86,
      8.02,
      8.25,
      8.29,
      8.23,
      7.98,
      8.17,
      8.39,
      8.36,
      8.26,
      8.79,
      8.73,
      8.74,
      8.81,
      8.96,
      9.07,
      9.39,
      9.39,
      9.36,
      9.65,
      10.09,
      10.43,
      10.44,
      10.46,
      10.45,
      10.34,
      10.73,
      10.9,
      10.69,
      11.15,
      11.12,
      11.11,
      11.22,
      11.36,
      12.11,
      12.13,
      12.66,
      12.77,
      13.03,
      13.07,
      13.27,
      13.88,
      13.97,
      14.01,
      14.04,
      14.12,
      14.33,
      14.75,
      14.75,
      15.07,
      15.06,
      15.27,
      15.02,
      15.26,
      14.75,
      14.63,
      14.46,
      14.56,
      14.37,
      14.53,
      14.68,
      15.32,
      15.39,
      15.39,
      15.45,
      15.23,
      15.4,
      15.4,
      15.44,
      15.58,
      15.84,
      15.78,
      15.82,
      16.49,
      16.49,
      16.31,
      16.24,
      16.79,
      16.86,
      16.86,
      17.13,
      17.22,
      17.28,
      17.1,
      17.11,
      16.94,
      17.2,
      17.29,
      17.12,
      17.22,
      17.69,
      18.06,
      18.13,
      18.15,
      18.1,
      18.58,
      18.78,
      19.1,
      18.98,
      19.09,
      19.23,
      18.92,
      19.17,
      19.47,
      19.58,
      19.26,
      19.42,
      19.04,
      19.22,
      19.09,
      19.1,
      19.37,
      19.64,
      20.04,
      19.95,
      19.95,
      19.94,
      20.32,
      19.92,
      19.81,
      19.47,
      19.47,
      19.71,
      19.51,
      19.42,
      19.46,
      18.16,
      17.04,
      16.26,
      15.97,
      15.43,
      15.59,
      15.63
    ]
  },