{
  "iterations": [
    0,
    1,
    2,
    3,
    4,
    5,
    6,
    7,
    8,
    9,
    10,
    11,
    12,
    13,
    14,
    15,
    16,
    17,
    18,
    19,
    20,
    21,
    22,
    23,
    24,
    25,
    26
  ],
  "mean_rewards": {
    "archer_1": [
      1.625,
      1.52,
      1.830188679245283,
      1.924731182795699,
      2.1525,
      2.27,
      2.41,
      2.5075,
      2.32,
      2.37,
      2.63,
      2.7,
      2.76,
      3.06,
      3.28,
      3.46,
      3.59,
      3.7,
      3.97,
      4.06,
      4.45,
      4.55,
      4.63,
      4.62,
      4.7,
      4.91,
      4.83
    ],
    "archer_0": [
      2.25,
      1.96,
      2.0,
      1.946236559139785,
      1.8625,
      1.89,
      2.07,
      2.2675,
      2.21,
      2.255,
      2.24,
      2.38,
      2.45,
      2.5,
      2.62,
      2.76,
      2.97,
      3.18,
      3.31,
      3.41,
      3.65,
      3.68,
      3.82,
      3.98,
      4.2,
      4.2,
      4.41
    ]
  },
  "best_rewards": {
    "archer_1": [
      1.625,
      1.625,
      1.830188679245283,
      1.924731182795699,
      2.1525,
      2.27,
      2.41,
      2.5075,
      2.5075,
      2.5075,
      2.63,
      2.7,
      2.76,
      3.06,
      3.28,
      3.46,
      3.59,
      3.7,
      3.97,
      4.06,
      4.45,
      4.55,
      4.63,
      4.63,
      4.7,
      4.91,
      4.91
    ],
    "archer_0": [
      2.25,
      2.25,
      2.25,
      2.25,
      2.25,
      2.25,
      2.25,
      2.2675,
      2.2675,
      2.2675,
      2.2675,
      2.38,
      2.45,
      2.5,
      2.62,
      2.76,
      2.97,
      3.18,
      3.31,
      3.41,
      3.65,
      3.68,
      3.82,
      3.98,
      4.2,
      4.2,
      4.41
    ]
  },
  "training_time": [
    15.19816279411316,
    23.005040168762207,
    31.543673038482666,
    39.67843818664551,
    47.50562500953674,
    56.86686992645264,
    65.6691529750824,
    74.82546782493591,
    82.69091892242432,
    91.3011040687561,
    99.82156991958618,
    108.12633180618286,
    116.81406784057617,
    125.38136601448059,
    134.18871092796326,
    142.08783602714539,
    150.63178396224976,
    158.84129786491394,
    169.09759879112244,
    178.0507698059082,
    186.22536993026733,
    195.0499827861786,
    202.12659883499146,
    210.7126908302307,
    219.10193705558777,
    227.6251769065857,
    235.52460193634033
  ]
}