{
  "iterations": [
    0,
    1,
    2,
    3,
    4,
    5,
    6,
    7,
    8,
    9,
    10,
    11,
    12,
    13,
    14,
    15,
    16,
    17,
    18,
    19,
    20,
    21,
    22,
    23,
    24,
    25,
    26,
    27,
    28,
    29,
    30,
    31,
    32,
    33,
    34,
    35,
    36,
    37,
    38,
    39,
    40,
    41,
    42,
    43,
    44,
    45,
    46,
    47,
    48,
    49,
    50,
    51,
    52,
    53,
    54,
    55,
    56,
    57,
    58,
    59,
    60,
    61,
    62,
    63,
    64,
    65,
    66,
    67,
    68,
    69,
    70,
    71,
    72,
    73,
    74,
    75,
    76,
    77,
    78,
    79,
    80,
    81,
    82,
    83,
    84,
    85,
    86,
    87,
    88,
    89,
    90,
    91,
    92,
    93,
    94,
    95,
    96,
    97,
    98,
    99,
    100,
    101,
    102,
    103,
    104,
    105,
    106,
    107,
    108,
    109,
    110,
    111,
    112,
    113,
    114,
    115,
    116,
    117,
    118,
    119,
    120,
    121,
    122,
    123,
    124,
    125,
    126,
    127,
    128,
    129,
    130,
    131,
    132,
    133,
    134,
    135,
    136,
    137,
    138,
    139,
    140,
    141,
    142,
    143,
    144,
    145,
    146,
    147,
    148,
    149,
    150,
    151,
    152,
    153,
    154,
    155,
    156,
    157,
    158,
    159,
    160,
    161,
    162,
    163,
    164,
    165,
    166,
    167,
    168,
    169,
    170,
    171,
    172,
    173,
    174,
    175,
    176,
    177,
    178,
    179,
    180,
    181,
    182,
    183,
    184,
    185,
    186,
    187,
    188,
    189,
    190,
    191,
    192,
    193,
    194,
    195,
    196,
    197,
    198,
    199,
    200,
    201,
    202,
    203,
    204,
    205,
    206,
    207,
    208,
    209
  ],
  "mean_rewards": {
    "archer_0": [
      2.1,
      2.193548387096774,
      2.123076923076923,
      2.09,
      2.1075,
      2.175,
      2.4125,
      2.53,
      2.55,
      2.62,
      2.77,
      2.95,
      3.31,
      3.52,
      3.79,
      3.84,
      4.09,
      4.22,
      4.33,
      4.51,
      4.71,
      4.82,
      4.69,
      4.75,
      4.74,
      5.07,
      5.07,
      5.2,
      5.44,
      5.3,
      5.3,
      5.17,
      5.3,
      5.53,
      5.69,
      5.83,
      5.79,
      6.39,
      6.33,
      6.48,
      6.76,
      7.13,
      7.34,
      7.69,
      7.8,
      7.96,
      8.16,
      8.48,
      8.77,
      8.43,
      8.45,
      8.19,
      8.09,
      8.38,
      8.63,
      8.52,
      8.23,
      8.1,
      8.18,
      8.57,
      8.56,
      8.29,
      8.78,
      9.04,
      9.23,
      9.43,
      9.9,
      9.69,
      10.27,
      10.16,
      10.27,
      10.35,
      10.86,
      10.94,
      11.2,
      11.14,
      11.53,
      11.57,
      11.34,
      11.26,
      11.45,
      11.45,
      11.93,
      11.93,
      11.92,
      12.27,
      12.36,
      12.89,
      12.75,
      12.86,
      13.42,
      13.55,
      13.8,
      13.86,
      13.57,
      13.92,
      14.0,
      14.27,
      14.83,
      15.43,
      15.53,
      15.74,
      15.43,
      15.48,
      15.54,
      15.43,
      15.71,
      16.17,
      16.39,
      16.82,
      16.02,
      16.28,
      16.8,
      17.44,
      17.14,
      17.33,
      17.72,
      18.5,
      18.31,
      18.03,
      18.07,
      18.3,
      17.64,
      17.82,
      17.95,
      17.63,
      18.35,
      17.78,
      18.18,
      18.01,
      17.54,
      16.89,
      16.58,
      16.25,
      15.84,
      16.26,
      15.38,
      14.47,
      14.53,
      14.88,
      15.14,
      15.15,
      15.76,
      15.93,
      16.55,
      15.77,
      15.82,
      16.03,
      16.01,
      16.3,
      16.79,
      16.89,
      17.35,
      17.5,
      18.21,
      18.66,
      19.13,
      19.46,
      19.17,
      18.77,
      19.05,
      18.45,
      18.9,
      18.91,
      18.67,
      19.46,
      19.58,
      19.23,
      18.8,
      19.05,
      19.25,
      19.84,
      19.83,
      20.75,
      20.37,
      19.88,
      19.88,
      19.8,
      19.53,
      20.66,
      20.31,
      19.66,
      19.64,
      19.8,
      20.42,
      22.09,
      22.09,
      22.73,
      23.48,
      24.4,
      24.58,
      24.42,
      24.65,
      24.95,
      25.38,
      26.13,
      26.47,
      26.95,
      26.6,
      27.32,
      28.11,
      28.22,
      28.34,
      29.71,
      29.78,
      30.17,
      29.64,
      30.59,
      31.42,
      31.62
    ]
  },
  "best_rewards": {
    "archer_0": [
      2.1,
      2.193548387096774,
      2.193548387096774,
      2.193548387096774,
      2.193548387096774,
      2.193548387096774,
      2.4125,
      2.53,
      2.55,
      2.62,
      2.77,
      2.95,
      3.31,
      3.52,
      3.79,
      3.84,
      4.09,
      4.22,
      4.33,
      4.51,
      4.71,
      4.82,
      4.82,
      4.82,
      4.82,
      5.07,
      5.07,
      5.2,
      5.44,
      5.44,
      5.44,
      5.44,
      5.44,
      5.53,
      5.69,
      5.83,
      5.83,
      6.39,
      6.39,
      6.48,
      6.76,
      7.13,
      7.34,
      7.69,
      7.8,
      7.96,
      8.16,
      8.48,
      8.77,
      8.77,
      8.77,
      8.77,
      8.77,
      8.77,
      8.77,
      8.77,
      8.77,
      8.77,
      8.77,
      8.77,
      8.77,
      8.77,
      8.78,
      9.04,
      9.23,
      9.43,
      9.9,
      9.9,
      10.27,
      10.27,
      10.27,
      10.35,
      10.86,
      10.94,
      11.2,
      11.2,
      11.53,
      11.57,
      11.57,
      11.57,
      11.57,
      11.57,
      11.93,
      11.93,
      11.93,
      12.27,
      12.36,
      12.89,
      12.89,
      12.89,
      13.42,
      13.55,
      13.8,
      13.86,
      13.86,
      13.92,
      14.0,
      14.27,
      14.83,
      15.43,
      15.53,
      15.74,
      15.74,
      15.74,
      15.74,
      15.74,
      15.74,
      16.17,
      16.39,
      16.82,
      16.82,
      16.82,
      16.82,
      17.44,
      17.44,
      17.44,
      17.72,
      18.5,
      18.5,
      18.5,
      18.5,
      18.5,
      18.5,
      18.5,
      18.5,
      18.5,
      18.5,
      18.5,
      18.5,
      18.5,
      18.5,
      18.5,
      18.5,
      18.5,
      18.5,
      18.5,
      18.5,
      18.5,
      18.5,
      18.5,
      18.5,
      18.5,
      18.5,
      18.5,
      18.5,
      18.5,
      18.5,
      18.5,
      18.5,
      18.5,
      18.5,
      18.5,
      18.5,
      18.5,
      18.5,
      18.66,
      19.13,
      19.46,
      19.46,
      19.46,
      19.46,
      19.46,
      19.46,
      19.46,
      19.46,
      19.46,
      19.58,
      19.58,
      19.58,
      19.58,
      19.58,
      19.84,
      19.84,
      20.75,
      20.75,
      20.75,
      20.75,
      20.75,
      20.75,
      20.75,
      20.75,
      20.75,
      20.75,
      20.75,
      20.75,
      22.09,
      22.09,
      22.73,
      23.48,
      24.4,
      24.58,
      24.58,
      24.65,
      24.95,
      25.38,
      26.13,
      26.47,
      26.95,
      26.95,
      27.32,
      28.11,
      28.22,
      28.34,
      29.71,
      29.78,
      30.17,
      30.17,
      30.59,
      31.42,
      31.62
    ]
  },