{
  "iterations": [
    0,
    1,
    2,
    3
  ],
  "mean_rewards": {
    "archer_0": [
      3.1,
      2.875,
      2.7846153846153845,
      2.73
    ]
  },
  "best_rewards": {
    "archer_0": [
      3.1,
      3.1,
      3.1,
      3.1
    ]
  },
  "training_time": [
    9.975800275802612,
    12.701656103134155,
    15.135111093521118,
    17.604701042175293
  ]
}