{
  "iterations": [
    0,
    1,
    2,
    3,
    4,
    5,
    6,
    7,
    8,
    9,
    10,
    11,
    12,
    13,
    14,
    15,
    16,
    17,
    18,
    19,
    20,
    21
  ],
  "mean_rewards": {
    "archer_0": [
      3.0,
      2.5,
      2.466666666666667,
      2.480769230769231,
      2.551282051282051,
      2.66,
      2.79,
      2.88,
      2.82,
      2.74,
      2.87,
      2.935,
      2.84,
      2.805,
      2.74,
      2.74,
      2.76,
      2.97,
      3.02,
      3.1,
      3.18,
      3.25
    ]
  },
  "best_rewards": {
    "archer_0": [
      3.0,
      3.0,
      3.0,
      3.0,
      3.0,
      3.0,
      3.0,
      3.0,
      3.0,
      3.0,
      3.0,
      3.0,
      3.0,
      3.0,
      3.0,
      3.0,
      3.0,
      3.0,
      3.02,
      3.1,
      3.18,
      3.25
    ]
  },
  "training_time": [
    9.582153081893921,
    10.951283931732178,
    12.224484920501709,
    13.359640836715698,
    14.477011919021606,
    15.563349962234497,
    16.655681133270264,
    17.74323582649231,
    18.863670110702515,
    19.98581576347351,
    21.152162790298462,
    22.293079137802124,
    23.376379013061523,
    24.521173000335693,
    25.785993099212646,
    27.126616954803467,
    28.53993511199951,
    29.735633850097656,
    30.978364944458008,
    32.36218976974487,
    33.58117890357971,
    35.00442695617676
  ]
}