{
  "iterations": [
    0,
    1,
    2,
    3,
    4,
    5,
    6,
    7,
    8,
    9,
    10,
    11,
    12,
    13,
    14,
    15,
    16,
    17,
    18,
    19,
    20,
    21,
    22,
    23,
    24,
    25,
    26,
    27,
    28,
    29,
    30,
    31,
    32,
    33,
    34,
    35,
    36,
    37,
    38,
    39,
    40,
    41,
    42,
    43,
    44,
    45,
    46,
    47,
    48,
    49,
    50,
    51,
    52,
    53,
    54
  ],
  "mean_rewards": {
    "archer_0": [
      1.6666666666666667,
      1.9375,
      1.9375,
      2.037037037037037,
      2.0365853658536586,
      2.03,
      1.99,
      1.95,
      2.05,
      2.15,
      2.285,
      2.445,
      2.67,
      2.79,
      2.815,
      2.9,
      3.02,
      2.98,
      3.09,
      3.14,
      3.35,
      3.41,
      3.44,
      3.5,
      3.62,
      3.84,
      4.02,
      4.09,
      4.28,
      4.33,
      4.35,
      4.43,
      4.45,
      4.49,
      4.63,
      4.51,
      4.59,
      4.65,
      4.7,
      4.62,
      4.74,
      4.81,
      4.97,
      5.12,
      5.17,
      5.13,
      5.08,
      4.92,
      4.82,
      4.92,
      5.06,
      5.11,
      5.12,
      5.24,
      5.21
    ]
  },
  "best_rewards": {
    "archer_0": [
      1.6666666666666667,
      1.9375,
      1.9375,
      2.037037037037037,
      2.037037037037037,
      2.037037037037037,
      2.037037037037037,
      2.037037037037037,
      2.05,
      2.15,
      2.285,
      2.445,
      2.67,
      2.79,
      2.815,
      2.9,
      3.02,
      3.02,
      3.09,
      3.14,
      3.35,
      3.41,
      3.44,
      3.5,
      3.62,
      3.84,
      4.02,
      4.09,
      4.28,
      4.33,
      4.35,
      4.43,
      4.45,
      4.49,
      4.63,
      4.63,
      4.63,
      4.65,
      4.7,
      4.7,
      4.74,
      4.81,
      4.97,
      5.12,
      5.17,
      5.17,
      5.17,
      5.17,
      5.17,
      5.17,
      5.17,
      5.17,
      5.17,
      5.24,
      5.24
    ]
  },
  "training_time": [
    21.046591758728027,
    23.217395544052124,
    25.001215934753418,
    26.600814819335938,
    28.266860008239746,
    29.50456976890564,
    30.760034322738647,
    32.0227837562561,
    33.27697396278381,
    34.783655643463135,
    36.12173342704773,
    37.66749334335327,
    39.06314492225647,
    40.38619017601013,
    41.79108643531799,
    43.18281841278076,
    44.60876989364624,
    46.063212633132935,
    47.35983657836914,
    48.778769969940186,
    50.175405740737915,
    51.72738981246948,
    53.26624536514282,
    54.62877917289734,
    56.304993629455566,
    57.7316472530365,
    59.18622899055481,
    60.56012153625488,
    61.97449064254761,
    63.33469200134277,
    64.71780824661255,
    66.22916197776794,
    67.62043190002441,
    69.03580403327942,
    70.38364696502686,
    71.73340487480164,
    73.02561902999878,
    74.34118485450745,
    75.7522873878479,
    77.1272976398468,
    78.43509840965271,
    79.93563938140869,
    81.41411304473877,
    82.76159834861755,
    84.16899108886719,
    85.65303897857666,
    86.96437501907349,
    88.4404935836792,
    90.98437714576721,
    92.26280784606934,
    93.64147591590881,
    95.15403270721436,
    96.43829584121704,
    97.74995303153992,
    99.17691111564636
  ]
}