{
  "iterations": [
    0,
    1,
    2,
    3,
    4
  ],
  "mean_rewards": {
    "archer_0": [
      0.8333333333333334,
      1.4705882352941178,
      1.6666666666666667,
      1.8909090909090909,
      2.024390243902439
    ]
  },
  "best_rewards": {
    "archer_0": [
      0.8333333333333334,
      1.4705882352941178,
      1.6666666666666667,
      1.8909090909090909,
      2.024390243902439
    ]
  },
  "training_time": [
    8.85824704170227,
    10.354928970336914,
    11.780177116394043,
    13.15730595588684,
    14.53299593925476
  ]
}