{
  "iterations": [
    0,
    1,
    2,
    3,
    4,
    5,
    6,
    7,
    8,
    9,
    10,
    11,
    12,
    13,
    14,
    15,
    16,
    17,
    18,
    19,
    20,
    21,
    22,
    23,
    24,
    25,
    26,
    27,
    28,
    29,
    30,
    31,
    32,
    33,
    34,
    35,
    36,
    37,
    38,
    39,
    40,
    41,
    42,
    43,
    44,
    45,
    46,
    47,
    48,
    49,
    50,
    51,
    52
  ],
  "mean_rewards": {
    "archer_0": [
      1.6,
      1.5,
      1.5454545454545454,
      1.6785714285714286,
      1.8095238095238095,
      1.92,
      1.98,
      1.98,
      2.035,
      2.26,
      2.34,
      2.25,
      2.3,
      2.28,
      2.35,
      2.45,
      2.53,
      2.575,
      2.62,
      2.83,
      2.83,
      2.87,
      2.86,
      2.86,
      2.97,
      3.13,
      3.03,
      2.98,
      3.06,
      3.14,
      3.18,
      3.18,
      3.19,
      3.2,
      3.18,
      3.24,
      3.17,
      3.15,
      3.23,
      3.29,
      3.36,
      3.51,
      3.5,
      3.57,
      3.43,
      3.52,
      3.67,
      3.7,
      3.75,
      3.74,
      3.8,
      3.93,
      3.97
    ]
  },
  "best_rewards": {
    "archer_0": [
      1.6,
      1.6,
      1.6,
      1.6785714285714286,
      1.8095238095238095,
      1.92,
      1.98,
      1.98,
      2.035,
      2.26,
      2.34,
      2.34,
      2.34,
      2.34,
      2.35,
      2.45,
      2.53,
      2.575,
      2.62,
      2.83,
      2.83,
      2.87,
      2.87,
      2.87,
      2.97,
      3.13,
      3.13,
      3.13,
      3.13,
      3.14,
      3.18,
      3.18,
      3.19,
      3.2,
      3.2,
      3.24,
      3.24,
      3.24,
      3.24,
      3.29,
      3.36,
      3.51,
      3.51,
      3.57,
      3.57,
      3.57,
      3.67,
      3.7,
      3.75,
      3.75,
      3.8,
      3.93,
      3.97
    ]
  },
  "training_time": [
    8.789813995361328,
    9.915840864181519,
    11.088306903839111,
    12.392167806625366,
    13.600753784179688,
    14.737167835235596,
    15.778757810592651,
    16.85186195373535,
    17.928472757339478,
    19.354121923446655,
    20.69191598892212,
    21.83833384513855,
    23.00925064086914,
    24.099323749542236,
    25.213894844055176,
    26.35307288169861,
    27.481987714767456,
    28.622694730758667,
    29.988674640655518,
    31.0936439037323,
    33.09022879600525,
    35.70662879943848,
    38.242368936538696,
    41.69296383857727,
    44.15709376335144,
    46.72345685958862,
    49.85785794258118,
    52.55846095085144,
    55.17863583564758,
    57.63749670982361,
    60.32814693450928,
    62.125948905944824,
    63.2613308429718,
    64.39630103111267,
    65.69103169441223,
    66.85091781616211,
    68.09450173377991,
    69.24835872650146,
    70.55883979797363,
    71.6736228466034,
    72.87875461578369,
    74.26728868484497,
    75.49291682243347,
    76.69009780883789,
    77.81675291061401,
    79.06563401222229,
    80.22933292388916,
    81.40272092819214,
    82.42734789848328,
    83.58856391906738,
    84.81260180473328,
    85.99851965904236,
    87.14586186408997
  ]
}