{
  "iterations": [
    0,
    1,
    2,
    3,
    4,
    5,
    6,
    7,
    8,
    9,
    10,
    11,
    12,
    13,
    14,
    15,
    16,
    17,
    18,
    19,
    20,
    21
  ],
  "mean_rewards": {
    "archer_0": [
      1.75,
      1.84,
      1.8653846153846154,
      1.8695652173913044,
      2.03,
      2.19,
      2.21,
      2.125,
      2.14,
      2.29,
      2.3033333333333332,
      2.34,
      2.45,
      2.65,
      2.69,
      2.65,
      2.66,
      2.73,
      2.82,
      2.85,
      3.0,
      3.12
    ],
    "archer_1": [
      2.375,
      2.28,
      2.173076923076923,
      2.119565217391304,
      2.0925,
      2.2,
      2.3675,
      2.64,
      2.9075,
      2.76,
      2.8433333333333337,
      2.86,
      2.93,
      3.12,
      3.23,
      3.39,
      3.54,
      3.95,
      3.84,
      3.87,
      4.05,
      4.16
    ]
  },
  "best_rewards": {
    "archer_0": [
      1.75,
      1.84,
      1.8653846153846154,
      1.8695652173913044,
      2.03,
      2.19,
      2.21,
      2.21,
      2.21,
      2.29,
      2.3033333333333332,
      2.34,
      2.45,
      2.65,
      2.69,
      2.69,
      2.69,
      2.73,
      2.82,
      2.85,
      3.0,
      3.12
    ],
    "archer_1": [
      2.375,
      2.375,
      2.375,
      2.375,
      2.375,
      2.375,
      2.375,
      2.64,
      2.9075,
      2.9075,
      2.9075,
      2.9075,
      2.93,
      3.12,
      3.23,
      3.39,
      3.54,
      3.95,
      3.95,
      3.95,
      4.05,
      4.16
    ]
  },
  "training_time": [
    11.880513906478882,
    15.166451930999756,
    18.24713706970215,
    21.27488899230957,
    24.222546100616455,
    27.52335500717163,
    30.380259037017822,
    33.15718698501587,
    36.124375104904175,
    39.54906392097473,
    42.67322492599487,
    45.72283482551575,
    48.676987171173096,
    51.61142182350159,
    54.74151110649109,
    57.83502697944641,
    60.762519121170044,
    63.621098041534424,
    66.57754111289978,
    70.01602816581726,
    73.41520309448242,
    76.28147196769714
  ]
}