{
  "iterations": [
    0,
    1,
    2,
    3,
    4,
    5,
    6,
    7,
    8,
    9,
    10,
    11,
    12
  ],
  "mean_rewards": {
    "archer_0": [
      1.6666666666666667,
      1.5714285714285714,
      1.5942028985507246,
      1.62,
      1.67,
      1.7625,
      1.98,
      2.18,
      2.215,
      2.36,
      2.52,
      2.69,
      2.93
    ]
  },
  "best_rewards": {
    "archer_0": [
      1.6666666666666667,
      1.6666666666666667,
      1.6666666666666667,
      1.6666666666666667,
      1.67,
      1.7625,
      1.98,
      2.18,
      2.215,
      2.36,
      2.52,
      2.69,
      2.93
    ]
  },
  "training_time": [
    8.071464776992798,
    9.438286066055298,
    10.75880479812622,
    12.036717891693115,
    13.427456855773926,
    14.837565898895264,
    16.260435819625854,
    17.638542890548706,
    18.951749086380005,
    20.309602975845337,
    21.65177273750305,
    23.006742000579834,
    24.428863763809204
  ]
}