{
  "iterations": [
    0,
    1,
    2
  ],
  "mean_rewards": {
    "archer_0": [
      1.8,
      1.8387096774193548,
      1.84375
    ]
  },
  "best_rewards": {
    "archer_0": [
      1.8,
      1.8387096774193548,
      1.84375
    ]
  },
  "training_time": [
    9.695580959320068,
    11.85486888885498,
    13.843284845352173
  ]
}