{
  "iterations": [
    0,
    1,
    2,
    3,
    4
  ],
  "mean_rewards": {
    "archer_0": [
      2.125,
      1.9615384615384615,
      1.8392857142857142,
      1.8,
      1.85
    ],
    "archer_1": [
      1.375,
      1.8846153846153846,
      1.9642857142857142,
      2.0,
      2.09
    ]
  },
  "best_rewards": {
    "archer_0": [
      2.125,
      2.125,
      2.125,
      2.125,
      2.125
    ],
    "archer_1": [
      1.375,
      1.8846153846153846,
      1.9642857142857142,
      2.0,
      2.09
    ]
  },
  "training_time": [
    14.423319816589355,
    19.272684812545776,
    23.81610083580017,
    28.312981843948364,
    33.69426465034485
  ]
}